doc_id,actor,config,annotated,triple_count,node_count,edge_count,density,n_components,lcr,clustering_coeff
apt29_AnalysisOfCyberattackOnUS,apt29,raw,True,184,105,184,0.01685,5,0.819,0.4357
apt29_CosmicDuke,apt29,raw,True,572,282,572,0.007218,17,0.7979,0.489
apt29_CrowdStrike,apt29,raw,True,580,271,580,0.007927,16,0.7934,0.5272
apt29_F-Secure_Dukes_Whitepaper,apt29,raw,True,1684,691,1684,0.003532,19,0.9132,0.5264
apt29_ForkMeIAmFamous,apt29,raw,True,202,104,202,0.018857,8,0.8269,0.6106
apt29_GrizzlySteppe,apt29,raw,True,383,205,383,0.009158,23,0.5951,0.4251
apt29_NotSoCozy,apt29,raw,True,244,125,244,0.015742,6,0.84,0.4769
apt29_PowerDukeWidespreadSpearPhishingCampaigns,apt29,raw,True,614,193,614,0.01657,6,0.9223,0.5957
apt29_Seaduke,apt29,raw,True,162,81,162,0.025,13,0.3457,0.6958
apt29_TheCozyDukeAPT,apt29,raw,True,455,238,455,0.008067,24,0.437,0.5588
apt29_TheMiniDukeMystery,apt29,raw,True,175,111,175,0.014333,16,0.2252,0.4797
apt29_WMIPowerShellBackdoors_POSHSPY,apt29,raw,True,75,37,75,0.056306,3,0.8919,0.5938
carbanak_Alleged_Mastermind_Behind_Carbanak_Crime_Gang_Arrested_-_Threatpost,carbanak,raw,True,56,42,56,0.03252,9,0.3333,0.6684
carbanak_Arrests_Put_New_Focus_on_CARBON_SPIDER_Adversary_Group,carbanak,raw,True,353,156,353,0.014599,12,0.75,0.5724
carbanak_Behind_the_CARBANAK_Backdoor_-_Mandiant,carbanak,raw,True,333,139,333,0.01736,9,0.8633,0.5606
carbanak_Bitdefender-WhitePaper-An-APT-Blueprint-Gaining-New-Visibility-into-Financial-Threats-interactive,carbanak,raw,True,484,235,484,0.008802,20,0.7277,0.4866
carbanak_Carbanak_APT_eng,carbanak,raw,True,505,293,505,0.005903,21,0.7065,0.6359
carbanak_Carbanak_Continues_To_Evolve_Quietly_Creeping_into_Remote_Hosts,carbanak,raw,True,192,143,192,0.009455,18,0.5804,0.3763
carbanak_Carbanak_Group_uses_Google_for_Malware_C_C_-_Forcepoint,carbanak,raw,True,96,58,96,0.029038,5,0.8103,0.8042
carbanak_New_Carbanak_-_Anunak_Attack_Methodology,carbanak,raw,True,395,258,395,0.005957,27,0.4147,0.4043
carbanak_Operation_Grand_Mars_a_comprehensive_profile_of_Carbanak_activity_in_2016-17,carbanak,raw,True,181,100,181,0.018283,10,0.61,0.5944
carbanak_The_Great_Bank_Robbery_the_Carbanak_APT_-_Securelist,carbanak,raw,True,90,83,90,0.013224,15,0.2289,0.2943
fin6_AnotherVictimOfTheMagecartAssaultEmerges,fin6,raw,True,67,40,67,0.042949,3,0.9,0.636
fin6_FIN6-Cyware,fin6,raw,True,48,33,48,0.045455,4,0.7273,0.7083
fin6_FIN6-Maze,fin6,raw,True,424,195,424,0.011208,11,0.8051,0.5471
fin6_FIN6-Morphisec,fin6,raw,True,229,125,229,0.014774,14,0.184,0.3778
fin6_FIN6-SecurityIntelligence_9,fin6,raw,False,481,219,481,0.010075,12,0.8584,0.4339
fin6_FIN6-Security_Intelligence_8,fin6,raw,True,380,124,380,0.024915,3,0.9597,0.6246
fin6_InsideTheBreachOfBritishAirways,fin6,raw,True,77,52,77,0.029035,5,0.7308,0.4632
fin6_MagecartCardSkimmersInjectedIntoOnlineShops,fin6,raw,True,241,152,241,0.0105,8,0.7434,0.1946
fin6_MoreEggsBackdoorProofpoint,fin6,raw,True,117,73,117,0.02226,8,0.4658,0.3871
fin6_Pick-Six_Intercepting_a_FIN6_Intrusion,fin6,raw,True,305,102,305,0.029606,4,0.8235,0.4921
fin6_fin6-cybercrime-group-expands-threat-To-ecommerce-merchants,fin6,raw,True,177,100,177,0.017879,10,0.6,0.5872
fin6_rpt-fin6-1,fin6,raw,True,266,148,266,0.012227,9,0.6622,0.5283
fin7_Behind_the_CARBANAK_Backdoor_Mandiant_Google_Cloud_Blog,fin7,raw,True,287,161,287,0.011141,14,0.7702,0.5991
fin7_Cyberthreats_to_financial_institutions_2020_Overview_and_predictions_Securelist,fin7,raw,True,208,163,208,0.007877,22,0.4785,0.5688
fin7_Deep_Insight_into_FIN7_Malware_Chain_From_Office_Macro_Malware_to_Lightweight_JS_Loader_-_SentinelLabs,fin7,raw,True,209,108,209,0.018086,18,0.25,0.7033
fin7_FIN7.5_the_infamous_cybercrime_rig_FIN7_continues_its_activities_Securelist,fin7,raw,True,299,170,299,0.010407,17,0.6412,0.6891
fin7_FIN7_Carbanak_threat_actor_unleashes_Bateleur_JScript_backdoor_Proofpoint_US,fin7,raw,True,363,162,363,0.013918,11,0.6667,0.599
fin7_FIN7_Evolution_and_the_Phishing_LNK_Mandiant_Google_Cloud_Blog,fin7,raw,True,235,114,235,0.018243,7,0.7632,0.4842
fin7_FIN7_Group_Uses_JavaScript_and_Stealer_DLL_Variant_in_New_Attacks,fin7,raw,True,300,181,300,0.009208,13,0.6298,0.5369
fin7_FIN7_Not_Finished_Morphisec_Spots_New_Campaign,fin7,raw,True,134,93,134,0.015662,15,0.172,0.5611
fin7_FIN7_Takes_Another_Bite_at_the_Restaurant_Industry,fin7,raw,True,296,166,296,0.010807,23,0.1386,0.4473
fin7_Footprints_of_FIN7_Tracking_Actor_Patterns_Part_2_-_Gigamon_Blog,fin7,raw,True,129,89,129,0.016471,17,0.2247,0.4399
fin7_Footprints_of_Fin7_Pushing_New_Techniques_to_Evade_Detection_-_Gigamon_Blog,fin7,raw,True,148,91,148,0.018071,14,0.2527,0.5602
fin7_Footprints_of_Fin7_Tracking_Actor_Patterns_Part_1_-_Gigamon_Blog,fin7,raw,True,245,140,245,0.01259,14,0.5929,0.4183
fin7_Mahalo_FIN7_Responding_to_the_Criminal_Operators_New_Tools_and_Techniques_Mandiant_Google_Cloud_Blog,fin7,raw,True,186,112,186,0.014961,10,0.7143,0.4996
fin7_On_the_Hunt_for_FIN7_Pursuing_an_Enigmatic_and_Evasive_Global_Criminal_Operation_Mandiant_Google_Cloud_Blog,fin7,raw,True,242,134,242,0.013579,16,0.6045,0.6114
fin7_Profile_of_an_Adversary_-_FIN7_Deepwatch,fin7,raw,True,193,101,193,0.019109,7,0.8614,0.6763
fin7_Tesi_FIN7_Revisited_Inside_Astra_Panel_and_SQLRat_Malware_Flashpoint,fin7,raw,True,191,124,191,0.012523,15,0.4597,0.4019
fin7_To_SDB_Or_Not_To_SDB_FIN7_Leveraging_Shim_Databases_for_Persistence_Google_Cloud_Blog,fin7,raw,True,68,45,68,0.034343,7,0.2667,0.4822
fin7_fact_sheet_how_fin7_attached_and_stole_data_0,fin7,raw,True,86,44,86,0.045455,4,0.5227,0.7095
oilrig_APT34_The_Helix_Kitten_Cybercriminal_Group_Loves_to_Meow_Middle_Eastern_and_International_Organizations,oilrig,raw,True,295,219,295,0.006179,30,0.347,0.4553
oilrig_APT34_targets_Jordan_Government_using_new_Saitama_backdoor,oilrig,raw,True,226,136,226,0.012309,18,0.3088,0.4608
oilrig_Behind_the_Scenes_with_OilRig,oilrig,raw,True,1030,428,1030,0.005636,10,0.8037,0.5432
oilrig_Iran_s_APT34_Returns_with_an_Updated_Arsenal_-_Check_Point_Research,oilrig,raw,True,330,150,330,0.014765,14,0.5733,0.595
oilrig_Iranian_Campaign_Tailored_to_US_Companies_Uses_Updated_Toolset_-_Intezer,oilrig,raw,True,190,139,190,0.009905,13,0.5108,0.3027
oilrig_New_Targeted_Attack_in_the_Middle_East_by_APT34_a_Suspected_Iranian_Threat_Group_Using_CVE-2017-11882_Exploit_Google_Cloud_Blog,oilrig,raw,True,224,119,224,0.015952,13,0.6471,0.544
oilrig_Please_Confirm_You_Received_Our_APT_FortiGuard_Labs,oilrig,raw,True,201,146,201,0.009495,19,0.2877,0.2656
oilrig_Threat_Brief_Iranian-Linked_Cyber_Operations,oilrig,raw,True,421,171,421,0.014482,13,0.538,0.5436
sandworm_CarbonBlack,sandworm,raw,False,144,104,144,0.013443,14,0.4231,0.3501
sandworm_CrashOverride,sandworm,raw,True,495,275,495,0.006569,21,0.7527,0.472
sandworm_MappingMITREToSandWormAPT,sandworm,raw,True,186,105,186,0.017033,4,0.8952,0.5678
sandworm_NotPetya,sandworm,raw,True,86,67,86,0.019448,11,0.1791,0.4007
sandworm_OlympicDestroyer,sandworm,raw,True,79,70,79,0.016356,16,0.1714,0.6698
sandworm_SixRussianGRUOfficers,sandworm,raw,True,329,137,329,0.017658,12,0.635,0.4503
sandworm_UkrainianCriticalInfrastructure,sandworm,raw,True,111,68,111,0.024363,18,0.1912,0.7286
sandworm_UkrainianPowerAuthorityAttacks,sandworm,raw,True,78,48,78,0.034574,7,0.6042,0.6798
wizardspider_Ryuk_wakes_from_hibernation_FBI_DHS_warn_of_healthcare_attacks_-_Cybersecurity_Dive,wizardspider,raw,True,114,75,114,0.020541,12,0.6267,0.4921
wizardspider_Trickbot_Adds_Credential-Grabbing_Capabilities_-_Trend_Micro_US,wizardspider,raw,True,77,68,77,0.016901,9,0.3676,0.4874
wizardspider_What_is_Ryuk_Ransomware_The_Complete_Breakdown,wizardspider,raw,True,368,169,368,0.012961,11,0.7396,0.5003
apt29_AnalysisOfCyberattackOnUS,apt29,raw_canon,True,175,98,175,0.018409,4,0.8367,0.4242
apt29_CosmicDuke,apt29,raw_canon,True,543,256,543,0.008318,10,0.8984,0.5494
apt29_CrowdStrike,apt29,raw_canon,True,484,239,484,0.008509,12,0.8201,0.5173
apt29_F-Secure_Dukes_Whitepaper,apt29,raw_canon,True,1473,586,1473,0.004297,13,0.9369,0.5153
apt29_ForkMeIAmFamous,apt29,raw_canon,True,174,92,174,0.020784,7,0.837,0.6098
apt29_GrizzlySteppe,apt29,raw_canon,True,377,190,377,0.010498,16,0.6737,0.4041
apt29_NotSoCozy,apt29,raw_canon,True,211,113,211,0.016672,4,0.9381,0.4893
apt29_PowerDukeWidespreadSpearPhishingCampaigns,apt29,raw_canon,True,521,172,521,0.017714,5,0.9244,0.5988
apt29_Seaduke,apt29,raw_canon,True,160,76,160,0.02807,9,0.3816,0.6605
apt29_TheCozyDukeAPT,apt29,raw_canon,True,428,222,428,0.008724,21,0.4505,0.5409
apt29_TheMiniDukeMystery,apt29,raw_canon,True,163,106,163,0.014645,14,0.3019,0.5166
apt29_WMIPowerShellBackdoors_POSHSPY,apt29,raw_canon,True,64,33,64,0.060606,1,1.0,0.5702
carbanak_Alleged_Mastermind_Behind_Carbanak_Crime_Gang_Arrested_-_Threatpost,carbanak,raw_canon,True,52,38,52,0.036984,7,0.3421,0.6773
carbanak_Arrests_Put_New_Focus_on_CARBON_SPIDER_Adversary_Group,carbanak,raw_canon,True,325,137,325,0.017443,7,0.8175,0.5402
carbanak_Behind_the_CARBANAK_Backdoor_-_Mandiant,carbanak,raw_canon,True,329,131,329,0.019319,7,0.8855,0.5546
carbanak_Bitdefender-WhitePaper-An-APT-Blueprint-Gaining-New-Visibility-into-Financial-Threats-interactive,carbanak,raw_canon,True,470,210,470,0.010709,12,0.8381,0.4774
carbanak_Carbanak_APT_eng,carbanak,raw_canon,True,471,270,471,0.006485,17,0.737,0.6303
carbanak_Carbanak_Continues_To_Evolve_Quietly_Creeping_into_Remote_Hosts,carbanak,raw_canon,True,190,128,190,0.011688,11,0.7422,0.3883
carbanak_Carbanak_Group_uses_Google_for_Malware_C_C_-_Forcepoint,carbanak,raw_canon,True,92,53,92,0.033382,4,0.8302,0.7906
carbanak_New_Carbanak_-_Anunak_Attack_Methodology,carbanak,raw_canon,True,383,235,383,0.006965,18,0.7277,0.3772
carbanak_Operation_Grand_Mars_a_comprehensive_profile_of_Carbanak_activity_in_2016-17,carbanak,raw_canon,True,177,95,177,0.019821,7,0.6632,0.5971
carbanak_The_Great_Bank_Robbery_the_Carbanak_APT_-_Securelist,carbanak,raw_canon,True,86,76,86,0.015088,10,0.3421,0.2768
fin6_AnotherVictimOfTheMagecartAssaultEmerges,fin6,raw_canon,True,65,35,65,0.054622,2,0.9429,0.5962
fin6_FIN6-Cyware,fin6,raw_canon,True,47,33,47,0.044508,4,0.7273,0.7083
fin6_FIN6-Maze,fin6,raw_canon,True,395,176,395,0.012825,9,0.8352,0.5473
fin6_FIN6-Morphisec,fin6,raw_canon,True,225,119,225,0.016023,11,0.395,0.3887
fin6_FIN6-SecurityIntelligence_9,fin6,raw_canon,False,460,203,460,0.011218,12,0.8473,0.4284
fin6_FIN6-Security_Intelligence_8,fin6,raw_canon,True,342,101,342,0.033861,3,0.9505,0.6715
fin6_InsideTheBreachOfBritishAirways,fin6,raw_canon,True,67,47,67,0.03099,5,0.7021,0.4386
fin6_MagecartCardSkimmersInjectedIntoOnlineShops,fin6,raw_canon,True,225,133,225,0.012816,6,0.7895,0.2798
fin6_MoreEggsBackdoorProofpoint,fin6,raw_canon,True,115,71,115,0.023139,6,0.7324,0.3722
fin6_Pick-Six_Intercepting_a_FIN6_Intrusion,fin6,raw_canon,True,291,98,291,0.030612,4,0.8163,0.4911
fin6_fin6-cybercrime-group-expands-threat-To-ecommerce-merchants,fin6,raw_canon,True,174,98,174,0.018304,8,0.6531,0.5859
fin6_rpt-fin6-1,fin6,raw_canon,True,260,144,260,0.012626,8,0.6597,0.5197
fin7_Behind_the_CARBANAK_Backdoor_Mandiant_Google_Cloud_Blog,fin7,raw_canon,True,279,146,279,0.013179,11,0.7945,0.5746
fin7_Cyberthreats_to_financial_institutions_2020_Overview_and_predictions_Securelist,fin7,raw_canon,True,208,155,208,0.008714,17,0.6194,0.5753
fin7_Deep_Insight_into_FIN7_Malware_Chain_From_Office_Macro_Malware_to_Lightweight_JS_Loader_-_SentinelLabs,fin7,raw_canon,True,196,101,196,0.019406,15,0.4158,0.6752
fin7_FIN7.5_the_infamous_cybercrime_rig_FIN7_continues_its_activities_Securelist,fin7,raw_canon,True,283,162,283,0.01085,14,0.6667,0.6791
fin7_FIN7_Carbanak_threat_actor_unleashes_Bateleur_JScript_backdoor_Proofpoint_US,fin7,raw_canon,True,349,144,349,0.016948,8,0.7778,0.6025
fin7_FIN7_Evolution_and_the_Phishing_LNK_Mandiant_Google_Cloud_Blog,fin7,raw_canon,True,225,105,225,0.020604,5,0.8095,0.4813
fin7_FIN7_Group_Uses_JavaScript_and_Stealer_DLL_Variant_in_New_Attacks,fin7,raw_canon,True,295,165,295,0.010902,9,0.7455,0.5397
fin7_FIN7_Not_Finished_Morphisec_Spots_New_Campaign,fin7,raw_canon,True,128,83,128,0.018807,9,0.3494,0.6045
fin7_FIN7_Takes_Another_Bite_at_the_Restaurant_Industry,fin7,raw_canon,True,287,152,287,0.012504,15,0.5526,0.4531
fin7_Footprints_of_FIN7_Tracking_Actor_Patterns_Part_2_-_Gigamon_Blog,fin7,raw_canon,True,127,81,127,0.019599,11,0.321,0.4192
fin7_Footprints_of_Fin7_Pushing_New_Techniques_to_Evade_Detection_-_Gigamon_Blog,fin7,raw_canon,True,144,83,144,0.021158,10,0.3253,0.5212
fin7_Footprints_of_Fin7_Tracking_Actor_Patterns_Part_1_-_Gigamon_Blog,fin7,raw_canon,True,207,123,207,0.013794,10,0.7236,0.4424
fin7_Mahalo_FIN7_Responding_to_the_Criminal_Operators_New_Tools_and_Techniques_Mandiant_Google_Cloud_Blog,fin7,raw_canon,True,178,102,178,0.017278,8,0.7059,0.529
fin7_On_the_Hunt_for_FIN7_Pursuing_an_Enigmatic_and_Evasive_Global_Criminal_Operation_Mandiant_Google_Cloud_Blog,fin7,raw_canon,True,214,130,214,0.012761,13,0.6538,0.6
fin7_Profile_of_an_Adversary_-_FIN7_Deepwatch,fin7,raw_canon,True,181,98,181,0.019041,7,0.8571,0.6934
fin7_Tesi_FIN7_Revisited_Inside_Astra_Panel_and_SQLRat_Malware_Flashpoint,fin7,raw_canon,True,188,112,188,0.015122,10,0.4821,0.4076
fin7_To_SDB_Or_Not_To_SDB_FIN7_Leveraging_Shim_Databases_for_Persistence_Google_Cloud_Blog,fin7,raw_canon,True,62,40,62,0.039744,5,0.625,0.4429
fin7_fact_sheet_how_fin7_attached_and_stole_data_0,fin7,raw_canon,True,79,40,79,0.050641,3,0.775,0.7018
oilrig_APT34_The_Helix_Kitten_Cybercriminal_Group_Loves_to_Meow_Middle_Eastern_and_International_Organizations,oilrig,raw_canon,True,287,199,287,0.007284,19,0.4975,0.4454
oilrig_APT34_targets_Jordan_Government_using_new_Saitama_backdoor,oilrig,raw_canon,True,219,126,219,0.013905,12,0.6746,0.4278
oilrig_Behind_the_Scenes_with_OilRig,oilrig,raw_canon,True,932,383,932,0.00637,4,0.9582,0.5542
oilrig_Iran_s_APT34_Returns_with_an_Updated_Arsenal_-_Check_Point_Research,oilrig,raw_canon,True,314,141,314,0.015907,13,0.5745,0.5964
oilrig_Iranian_Campaign_Tailored_to_US_Companies_Uses_Updated_Toolset_-_Intezer,oilrig,raw_canon,True,181,128,181,0.011134,9,0.8281,0.3213
oilrig_New_Targeted_Attack_in_the_Middle_East_by_APT34_a_Suspected_Iranian_Threat_Group_Using_CVE-2017-11882_Exploit_Google_Cloud_Blog,oilrig,raw_canon,True,203,104,203,0.018951,9,0.7019,0.5587
oilrig_Please_Confirm_You_Received_Our_APT_FortiGuard_Labs,oilrig,raw_canon,True,181,129,181,0.010962,11,0.5814,0.2956
oilrig_Threat_Brief_Iranian-Linked_Cyber_Operations,oilrig,raw_canon,True,396,160,396,0.015566,9,0.7188,0.5241
sandworm_CarbonBlack,sandworm,raw_canon,False,143,102,143,0.013881,13,0.4608,0.3496
sandworm_CrashOverride,sandworm,raw_canon,True,452,233,452,0.008362,11,0.897,0.5037
sandworm_MappingMITREToSandWormAPT,sandworm,raw_canon,True,175,101,175,0.017327,4,0.8911,0.559
sandworm_NotPetya,sandworm,raw_canon,True,86,62,86,0.022739,9,0.4194,0.4282
sandworm_OlympicDestroyer,sandworm,raw_canon,True,79,65,79,0.01899,12,0.2923,0.687
sandworm_SixRussianGRUOfficers,sandworm,raw_canon,True,307,123,307,0.020458,10,0.6748,0.4675
sandworm_UkrainianCriticalInfrastructure,sandworm,raw_canon,True,106,65,106,0.025481,15,0.4,0.7094
sandworm_UkrainianPowerAuthorityAttacks,sandworm,raw_canon,True,77,45,77,0.038889,5,0.7778,0.6458
wizardspider_Ryuk_wakes_from_hibernation_FBI_DHS_warn_of_healthcare_attacks_-_Cybersecurity_Dive,wizardspider,raw_canon,True,105,69,105,0.022379,10,0.6522,0.4815
wizardspider_Trickbot_Adds_Credential-Grabbing_Capabilities_-_Trend_Micro_US,wizardspider,raw_canon,True,76,65,76,0.018269,7,0.3692,0.472
wizardspider_What_is_Ryuk_Ransomware_The_Complete_Breakdown,wizardspider,raw_canon,True,338,152,338,0.014726,8,0.7566,0.4709
apt29_AnalysisOfCyberattackOnUS,apt29,chunked,True,426,106,426,0.038275,1,1.0,0.4971
apt29_CosmicDuke,apt29,chunked,True,926,305,926,0.009987,10,0.8164,0.3997
apt29_CrowdStrike,apt29,chunked,True,809,242,809,0.013871,12,0.8719,0.583
apt29_F-Secure_Dukes_Whitepaper,apt29,chunked,True,2577,698,2577,0.005297,6,0.8825,0.489
apt29_ForkMeIAmFamous,apt29,chunked,True,312,113,312,0.024652,5,0.7611,0.5588
apt29_GrizzlySteppe,apt29,chunked,True,572,189,572,0.016098,14,0.6508,0.4757
apt29_NotSoCozy,apt29,chunked,True,301,117,301,0.022178,5,0.8889,0.619
apt29_PowerDukeWidespreadSpearPhishingCampaigns,apt29,chunked,True,792,189,792,0.02229,1,1.0,0.5814
apt29_Seaduke,apt29,chunked,True,255,82,255,0.038392,7,0.6463,0.5209
apt29_TheCozyDukeAPT,apt29,chunked,True,483,209,483,0.011111,11,0.3493,0.5005
apt29_TheMiniDukeMystery,apt29,chunked,True,455,166,455,0.016612,9,0.5361,0.5762
apt29_WMIPowerShellBackdoors_POSHSPY,apt29,chunked,True,101,28,101,0.133598,3,0.7857,0.5365
carbanak_Alleged_Mastermind_Behind_Carbanak_Crime_Gang_Arrested_-_Threatpost,carbanak,chunked,True,87,48,87,0.038564,9,0.3333,0.7068
carbanak_Arrests_Put_New_Focus_on_CARBON_SPIDER_Adversary_Group,carbanak,chunked,True,505,165,505,0.018662,8,0.8667,0.5782
carbanak_Behind_the_CARBANAK_Backdoor_-_Mandiant,carbanak,chunked,True,516,130,516,0.030769,4,0.9231,0.5496
carbanak_Bitdefender-WhitePaper-An-APT-Blueprint-Gaining-New-Visibility-into-Financial-Threats-interactive,carbanak,chunked,True,730,228,730,0.014105,12,0.8026,0.5776
carbanak_Carbanak_APT_eng,carbanak,chunked,True,735,258,735,0.011085,8,0.8527,0.6368
carbanak_Carbanak_Continues_To_Evolve_Quietly_Creeping_into_Remote_Hosts,carbanak,chunked,True,351,151,351,0.015497,7,0.4702,0.54
carbanak_Carbanak_Group_uses_Google_for_Malware_C_C_-_Forcepoint,carbanak,chunked,True,215,71,215,0.04326,5,0.8451,0.732
carbanak_New_Carbanak_-_Anunak_Attack_Methodology,carbanak,chunked,True,783,255,783,0.012089,14,0.7255,0.5367
carbanak_Operation_Grand_Mars_a_comprehensive_profile_of_Carbanak_activity_in_2016-17,carbanak,chunked,True,365,110,365,0.030442,5,0.6727,0.481
carbanak_The_Great_Bank_Robbery_the_Carbanak_APT_-_Securelist,carbanak,chunked,True,164,84,164,0.023523,11,0.4286,0.3157
fin6_AnotherVictimOfTheMagecartAssaultEmerges,fin6,chunked,True,108,37,108,0.081081,2,0.8378,0.6532
fin6_FIN6-Cyware,fin6,chunked,True,77,30,77,0.088506,3,0.7667,0.7591
fin6_FIN6-Maze,fin6,chunked,True,532,191,532,0.01466,10,0.7906,0.5591
fin6_FIN6-Morphisec,fin6,chunked,True,378,140,378,0.019424,10,0.2571,0.3773
fin6_FIN6-SecurityIntelligence_9,fin6,chunked,False,913,218,913,0.0193,8,0.8624,0.6135
fin6_FIN6-Security_Intelligence_8,fin6,chunked,True,312,102,312,0.030285,2,0.9804,0.6819
fin6_InsideTheBreachOfBritishAirways,fin6,chunked,True,124,62,124,0.032787,3,0.8871,0.5189
fin6_MagecartCardSkimmersInjectedIntoOnlineShops,fin6,chunked,True,237,109,237,0.020133,5,0.7798,0.4189
fin6_MoreEggsBackdoorProofpoint,fin6,chunked,True,242,88,242,0.031609,7,0.7045,0.3902
fin6_Pick-Six_Intercepting_a_FIN6_Intrusion,fin6,chunked,True,272,82,272,0.040952,3,0.8902,0.5376
fin6_fin6-cybercrime-group-expands-threat-To-ecommerce-merchants,fin6,chunked,True,383,105,383,0.035073,4,0.8476,0.5891
fin6_rpt-fin6-1,fin6,chunked,True,436,138,436,0.023061,2,0.9855,0.5428
fin7_Behind_the_CARBANAK_Backdoor_Mandiant_Google_Cloud_Blog,fin7,chunked,True,492,149,492,0.022311,5,0.9195,0.6166
fin7_Cyberthreats_to_financial_institutions_2020_Overview_and_predictions_Securelist,fin7,chunked,True,311,167,311,0.011219,14,0.5689,0.4808
fin7_Deep_Insight_into_FIN7_Malware_Chain_From_Office_Macro_Malware_to_Lightweight_JS_Loader_-_SentinelLabs,fin7,chunked,True,357,112,357,0.028716,11,0.5446,0.6494
fin7_FIN7.5_the_infamous_cybercrime_rig_FIN7_continues_its_activities_Securelist,fin7,chunked,True,504,184,504,0.014968,10,0.788,0.6615
fin7_FIN7_Carbanak_threat_actor_unleashes_Bateleur_JScript_backdoor_Proofpoint_US,fin7,chunked,True,435,147,435,0.020268,4,0.8163,0.4547
fin7_FIN7_Evolution_and_the_Phishing_LNK_Mandiant_Google_Cloud_Blog,fin7,chunked,True,264,82,264,0.039747,4,0.8415,0.4429
fin7_FIN7_Group_Uses_JavaScript_and_Stealer_DLL_Variant_in_New_Attacks,fin7,chunked,True,553,162,553,0.021202,4,0.9074,0.4849
fin7_FIN7_Not_Finished_Morphisec_Spots_New_Campaign,fin7,chunked,True,150,89,150,0.019152,12,0.3258,0.5318
fin7_FIN7_Takes_Another_Bite_at_the_Restaurant_Industry,fin7,chunked,True,406,179,406,0.012742,16,0.4022,0.5258
fin7_Footprints_of_FIN7_Tracking_Actor_Patterns_Part_2_-_Gigamon_Blog,fin7,chunked,True,277,93,277,0.032375,14,0.2688,0.4319
fin7_Footprints_of_Fin7_Pushing_New_Techniques_to_Evade_Detection_-_Gigamon_Blog,fin7,chunked,True,147,69,147,0.03133,7,0.4348,0.5517
fin7_Footprints_of_Fin7_Tracking_Actor_Patterns_Part_1_-_Gigamon_Blog,fin7,chunked,True,496,152,496,0.02161,11,0.6316,0.46
fin7_Mahalo_FIN7_Responding_to_the_Criminal_Operators_New_Tools_and_Techniques_Mandiant_Google_Cloud_Blog,fin7,chunked,True,290,88,290,0.037879,4,0.7727,0.5602
fin7_On_the_Hunt_for_FIN7_Pursuing_an_Enigmatic_and_Evasive_Global_Criminal_Operation_Mandiant_Google_Cloud_Blog,fin7,chunked,True,423,137,423,0.022703,10,0.7372,0.6642
fin7_Profile_of_an_Adversary_-_FIN7_Deepwatch,fin7,chunked,True,261,110,261,0.021768,7,0.7182,0.7365
fin7_Tesi_FIN7_Revisited_Inside_Astra_Panel_and_SQLRat_Malware_Flashpoint,fin7,chunked,True,196,122,196,0.013277,12,0.4918,0.4604
fin7_To_SDB_Or_Not_To_SDB_FIN7_Leveraging_Shim_Databases_for_Persistence_Google_Cloud_Blog,fin7,chunked,True,85,36,85,0.06746,2,0.8889,0.647
fin7_fact_sheet_how_fin7_attached_and_stole_data_0,fin7,chunked,True,120,36,120,0.095238,2,0.8056,0.5639
oilrig_APT34_The_Helix_Kitten_Cybercriminal_Group_Loves_to_Meow_Middle_Eastern_and_International_Organizations,oilrig,chunked,True,541,176,541,0.017565,10,0.7557,0.4554
oilrig_APT34_targets_Jordan_Government_using_new_Saitama_backdoor,oilrig,chunked,True,360,140,360,0.018499,14,0.3429,0.511
oilrig_Behind_the_Scenes_with_OilRig,oilrig,chunked,True,1189,364,1189,0.008999,8,0.8654,0.582
oilrig_Iran_s_APT34_Returns_with_an_Updated_Arsenal_-_Check_Point_Research,oilrig,chunked,True,539,147,539,0.025114,6,0.8435,0.715
oilrig_Iranian_Campaign_Tailored_to_US_Companies_Uses_Updated_Toolset_-_Intezer,oilrig,chunked,True,177,83,177,0.026006,6,0.7952,0.3973
oilrig_New_Targeted_Attack_in_the_Middle_East_by_APT34_a_Suspected_Iranian_Threat_Group_Using_CVE-2017-11882_Exploit_Google_Cloud_Blog,oilrig,chunked,True,314,102,314,0.03048,7,0.7941,0.6633
oilrig_Please_Confirm_You_Received_Our_APT_FortiGuard_Labs,oilrig,chunked,True,395,155,395,0.016548,5,0.8903,0.5493
oilrig_Threat_Brief_Iranian-Linked_Cyber_Operations,oilrig,chunked,True,609,175,609,0.02,6,0.8229,0.5561
sandworm_CarbonBlack,sandworm,chunked,False,221,93,221,0.02583,7,0.5376,0.5516
sandworm_CrashOverride,sandworm,chunked,True,762,253,762,0.011952,5,0.9328,0.6023
sandworm_MappingMITREToSandWormAPT,sandworm,chunked,True,373,97,373,0.040056,5,0.8969,0.6564
sandworm_NotPetya,sandworm,chunked,True,257,93,257,0.030037,11,0.2796,0.4777
sandworm_OlympicDestroyer,sandworm,chunked,True,117,75,117,0.021081,11,0.1733,0.3516
sandworm_SixRussianGRUOfficers,sandworm,chunked,True,410,140,410,0.021069,8,0.7857,0.4608
sandworm_UkrainianCriticalInfrastructure,sandworm,chunked,True,215,69,215,0.045823,4,0.4928,0.6423
sandworm_UkrainianPowerAuthorityAttacks,sandworm,chunked,True,157,51,157,0.061569,3,0.8431,0.6873
wizardspider_Ryuk_wakes_from_hibernation_FBI_DHS_warn_of_healthcare_attacks_-_Cybersecurity_Dive,wizardspider,chunked,True,140,73,140,0.026636,7,0.7945,0.5081
wizardspider_Trickbot_Adds_Credential-Grabbing_Capabilities_-_Trend_Micro_US,wizardspider,chunked,True,137,72,137,0.0268,10,0.3194,0.1378
wizardspider_What_is_Ryuk_Ransomware_The_Complete_Breakdown,wizardspider,chunked,True,557,166,557,0.020336,9,0.759,0.4776
apt29_AnalysisOfCyberattackOnUS,apt29,chunked_canon,True,406,97,406,0.0436,1,1.0,0.4905
apt29_CosmicDuke,apt29,chunked_canon,True,901,260,901,0.01338,5,0.9692,0.604
apt29_CrowdStrike,apt29,chunked_canon,True,713,214,713,0.015642,9,0.8925,0.5992
apt29_F-Secure_Dukes_Whitepaper,apt29,chunked_canon,True,2299,551,2299,0.007586,3,0.98,0.4959
apt29_ForkMeIAmFamous,apt29,chunked_canon,True,300,95,300,0.033595,3,0.9579,0.5509
apt29_GrizzlySteppe,apt29,chunked_canon,True,556,175,556,0.018259,7,0.8686,0.4681
apt29_NotSoCozy,apt29,chunked_canon,True,274,100,274,0.027677,3,0.95,0.6175
apt29_PowerDukeWidespreadSpearPhishingCampaigns,apt29,chunked_canon,True,717,165,717,0.026497,1,1.0,0.6117
apt29_Seaduke,apt29,chunked_canon,True,252,78,252,0.041958,5,0.7051,0.5052
apt29_TheCozyDukeAPT,apt29,chunked_canon,True,472,193,472,0.012737,7,0.6114,0.4891
apt29_TheMiniDukeMystery,apt29,chunked_canon,True,448,159,448,0.017833,8,0.6855,0.5793
apt29_WMIPowerShellBackdoors_POSHSPY,apt29,chunked_canon,True,75,26,75,0.115385,1,1.0,0.542
carbanak_Alleged_Mastermind_Behind_Carbanak_Crime_Gang_Arrested_-_Threatpost,carbanak,chunked_canon,True,86,43,86,0.047619,5,0.4186,0.6589
carbanak_Arrests_Put_New_Focus_on_CARBON_SPIDER_Adversary_Group,carbanak,chunked_canon,True,470,138,470,0.02486,4,0.942,0.5633
carbanak_Behind_the_CARBANAK_Backdoor_-_Mandiant,carbanak,chunked_canon,True,502,123,502,0.033453,4,0.9187,0.5455
carbanak_Bitdefender-WhitePaper-An-APT-Blueprint-Gaining-New-Visibility-into-Financial-Threats-interactive,carbanak,chunked_canon,True,704,201,704,0.017512,6,0.9303,0.5569
carbanak_Carbanak_APT_eng,carbanak,chunked_canon,True,714,237,714,0.012766,6,0.9114,0.625
carbanak_Carbanak_Continues_To_Evolve_Quietly_Creeping_into_Remote_Hosts,carbanak,chunked_canon,True,349,141,349,0.01768,1,1.0,0.5318
carbanak_Carbanak_Group_uses_Google_for_Malware_C_C_-_Forcepoint,carbanak,chunked_canon,True,204,65,204,0.049038,3,0.8923,0.7322
carbanak_New_Carbanak_-_Anunak_Attack_Methodology,carbanak,chunked_canon,True,769,225,769,0.015258,7,0.8844,0.5346
carbanak_Operation_Grand_Mars_a_comprehensive_profile_of_Carbanak_activity_in_2016-17,carbanak,chunked_canon,True,360,104,360,0.033607,3,0.9519,0.5086
carbanak_The_Great_Bank_Robbery_the_Carbanak_APT_-_Securelist,carbanak,chunked_canon,True,154,78,154,0.025641,7,0.5385,0.3053
fin6_AnotherVictimOfTheMagecartAssaultEmerges,fin6,chunked_canon,True,103,33,103,0.097538,2,0.8182,0.6658
fin6_FIN6-Cyware,fin6,chunked_canon,True,74,29,74,0.091133,3,0.7586,0.7531
fin6_FIN6-Maze,fin6,chunked_canon,True,504,174,504,0.016743,5,0.908,0.5725
fin6_FIN6-Morphisec,fin6,chunked_canon,True,348,127,348,0.021747,8,0.5354,0.4156
fin6_FIN6-SecurityIntelligence_9,fin6,chunked_canon,False,862,197,862,0.022325,6,0.934,0.6189
fin6_FIN6-Security_Intelligence_8,fin6,chunked_canon,True,294,91,294,0.035897,2,0.978,0.6796
fin6_InsideTheBreachOfBritishAirways,fin6,chunked_canon,True,118,55,118,0.039731,2,0.9273,0.5193
fin6_MagecartCardSkimmersInjectedIntoOnlineShops,fin6,chunked_canon,True,227,101,227,0.022475,4,0.802,0.4274
fin6_MoreEggsBackdoorProofpoint,fin6,chunked_canon,True,241,78,241,0.040127,4,0.7564,0.3772
fin6_Pick-Six_Intercepting_a_FIN6_Intrusion,fin6,chunked_canon,True,261,76,261,0.045789,2,0.9737,0.5323
fin6_fin6-cybercrime-group-expands-threat-To-ecommerce-merchants,fin6,chunked_canon,True,378,101,378,0.037426,2,0.9505,0.6074
fin6_rpt-fin6-1,fin6,chunked_canon,True,427,130,427,0.025462,2,0.9846,0.5505
fin7_Behind_the_CARBANAK_Backdoor_Mandiant_Google_Cloud_Blog,fin7,chunked_canon,True,462,134,462,0.025923,4,0.9254,0.6368
fin7_Cyberthreats_to_financial_institutions_2020_Overview_and_predictions_Securelist,fin7,chunked_canon,True,311,159,311,0.01238,8,0.7925,0.4779
fin7_Deep_Insight_into_FIN7_Malware_Chain_From_Office_Macro_Malware_to_Lightweight_JS_Loader_-_SentinelLabs,fin7,chunked_canon,True,348,106,348,0.031267,7,0.8679,0.6337
fin7_FIN7.5_the_infamous_cybercrime_rig_FIN7_continues_its_activities_Securelist,fin7,chunked_canon,True,491,169,491,0.017294,7,0.8166,0.6673
fin7_FIN7_Carbanak_threat_actor_unleashes_Bateleur_JScript_backdoor_Proofpoint_US,fin7,chunked_canon,True,422,136,422,0.022985,2,0.9559,0.685
fin7_FIN7_Evolution_and_the_Phishing_LNK_Mandiant_Google_Cloud_Blog,fin7,chunked_canon,True,248,75,248,0.044685,4,0.8267,0.4391
fin7_FIN7_Group_Uses_JavaScript_and_Stealer_DLL_Variant_in_New_Attacks,fin7,chunked_canon,True,527,143,527,0.025953,3,0.951,0.4839
fin7_FIN7_Not_Finished_Morphisec_Spots_New_Campaign,fin7,chunked_canon,True,144,79,144,0.023369,7,0.4304,0.5849
fin7_FIN7_Takes_Another_Bite_at_the_Restaurant_Industry,fin7,chunked_canon,True,366,162,366,0.014033,10,0.6235,0.5656
fin7_Footprints_of_FIN7_Tracking_Actor_Patterns_Part_2_-_Gigamon_Blog,fin7,chunked_canon,True,273,88,273,0.035658,10,0.3523,0.4167
fin7_Footprints_of_Fin7_Pushing_New_Techniques_to_Evade_Detection_-_Gigamon_Blog,fin7,chunked_canon,True,134,60,134,0.037853,3,0.5,0.5082
fin7_Footprints_of_Fin7_Tracking_Actor_Patterns_Part_1_-_Gigamon_Blog,fin7,chunked_canon,True,438,135,438,0.024212,6,0.9111,0.5154
fin7_Mahalo_FIN7_Responding_to_the_Criminal_Operators_New_Tools_and_Techniques_Mandiant_Google_Cloud_Blog,fin7,chunked_canon,True,271,83,271,0.039818,3,0.7831,0.5659
fin7_On_the_Hunt_for_FIN7_Pursuing_an_Enigmatic_and_Evasive_Global_Criminal_Operation_Mandiant_Google_Cloud_Blog,fin7,chunked_canon,True,384,131,384,0.022548,9,0.8015,0.6778
fin7_Profile_of_an_Adversary_-_FIN7_Deepwatch,fin7,chunked_canon,True,244,103,244,0.023225,6,0.8447,0.7467
fin7_Tesi_FIN7_Revisited_Inside_Astra_Panel_and_SQLRat_Malware_Flashpoint,fin7,chunked_canon,True,189,111,189,0.015479,9,0.7207,0.418
fin7_To_SDB_Or_Not_To_SDB_FIN7_Leveraging_Shim_Databases_for_Persistence_Google_Cloud_Blog,fin7,chunked_canon,True,77,32,77,0.077621,2,0.875,0.6117
fin7_fact_sheet_how_fin7_attached_and_stole_data_0,fin7,chunked_canon,True,105,33,105,0.099432,2,0.8182,0.6354
oilrig_APT34_The_Helix_Kitten_Cybercriminal_Group_Loves_to_Meow_Middle_Eastern_and_International_Organizations,oilrig,chunked_canon,True,531,159,531,0.021137,6,0.8428,0.4732
oilrig_APT34_targets_Jordan_Government_using_new_Saitama_backdoor,oilrig,chunked_canon,True,292,116,292,0.021889,9,0.6552,0.6007
oilrig_Behind_the_Scenes_with_OilRig,oilrig,chunked_canon,True,1107,321,1107,0.010777,3,0.9315,0.5995
oilrig_Iran_s_APT34_Returns_with_an_Updated_Arsenal_-_Check_Point_Research,oilrig,chunked_canon,True,517,135,517,0.028579,6,0.837,0.7087
oilrig_Iranian_Campaign_Tailored_to_US_Companies_Uses_Updated_Toolset_-_Intezer,oilrig,chunked_canon,True,169,79,169,0.027426,6,0.7848,0.41
oilrig_New_Targeted_Attack_in_the_Middle_East_by_APT34_a_Suspected_Iranian_Threat_Group_Using_CVE-2017-11882_Exploit_Google_Cloud_Blog,oilrig,chunked_canon,True,296,93,296,0.034596,5,0.8172,0.6553
oilrig_Please_Confirm_You_Received_Our_APT_FortiGuard_Labs,oilrig,chunked_canon,True,366,136,366,0.019935,2,0.9853,0.5371
oilrig_Threat_Brief_Iranian-Linked_Cyber_Operations,oilrig,chunked_canon,True,584,161,584,0.022671,2,0.9689,0.5115
sandworm_CarbonBlack,sandworm,chunked_canon,False,218,91,218,0.026618,7,0.5275,0.5557
sandworm_CrashOverride,sandworm,chunked_canon,True,672,213,672,0.014882,3,0.9671,0.6034
sandworm_MappingMITREToSandWormAPT,sandworm,chunked_canon,True,367,93,367,0.042894,2,0.9677,0.6466
sandworm_NotPetya,sandworm,chunked_canon,True,257,91,257,0.03138,9,0.2857,0.46
sandworm_OlympicDestroyer,sandworm,chunked_canon,True,114,68,114,0.025022,7,0.5735,0.3593
sandworm_SixRussianGRUOfficers,sandworm,chunked_canon,True,392,125,392,0.02529,6,0.824,0.4431
sandworm_UkrainianCriticalInfrastructure,sandworm,chunked_canon,True,200,62,200,0.052882,3,0.7581,0.6481
sandworm_UkrainianPowerAuthorityAttacks,sandworm,chunked_canon,True,145,46,145,0.070048,2,0.9348,0.6888
wizardspider_Ryuk_wakes_from_hibernation_FBI_DHS_warn_of_healthcare_attacks_-_Cybersecurity_Dive,wizardspider,chunked_canon,True,133,67,133,0.030077,5,0.8358,0.5052
wizardspider_Trickbot_Adds_Credential-Grabbing_Capabilities_-_Trend_Micro_US,wizardspider,chunked_canon,True,112,64,112,0.027778,7,0.3281,0.1525
wizardspider_What_is_Ryuk_Ransomware_The_Complete_Breakdown,wizardspider,chunked_canon,True,507,151,507,0.022384,7,0.7748,0.446
